{
    "keep": {
        "days": true,
        "amount": 14
    },
    "auditLog": "logs\\.dfd3751adf2df55b74f49877d0121c63522f0bee-audit.json",
    "files": [
        {
            "date": 1747974566314,
            "name": "logs\\logs-23-05-2025.txt",
            "hash": "5ba4252fd791ae4be9ace2e1b134cea7d60e38d3871f45647d18792b685b6013"
        },
        {
            "date": 1748086711577,
            "name": "logs\\logs-24-05-2025.txt",
            "hash": "0da90740ea6d427ff81103ec821e440e375306b57ca4886a899b47ad61969031"
        },
        {
            "date": 1748141607348,
            "name": "logs\\logs-25-05-2025.txt",
            "hash": "344069b9c5ac36b43ff1be344473ed9d0f391ed1b8294cbba62f7381c76f42b0"
        }
    ],
    "hashType": "sha256"
}